{"playerX":5.83130407333374,"playerY":8.479007362893754e-8,"playerZ":-0.888330340385437}