{"playerX":7.221064567565918,"playerY":-2.384185791015625e-7,"playerZ":-0.9730182886123657}