{"playerX":7.508211612701416,"playerY":0.0,"playerZ":-0.866181492805481}