{"playerX":13.819807052612305,"playerY":-1.1920928955078126e-7,"playerZ":34.85540008544922}