{"playerX":3.646883964538574,"playerY":-1.1920928955078126e-7,"playerZ":3.8583273887634279}